Name,PIN,Balance,Account Number
Hazard,112233,50,159509
Cole,112233,50,363068
Mata,112233,60,919307
Lampard,112233,70,947540
Terry,112233,100,209389
Essien,112233,120,399016
Drogba,112233,300,84353412
Kante,112233,200,451107
Willian,112233,50,669213
Cech,112233,50,223172
Zola,112233,60,889713
Cudicini,112233,70,391516
Gullit,112233,100,845645
Alonso,112233,120,741762
Jorginho,112233,300,228411
Pedro,112233,200,191999
Kovacic,112233,100,688256
Pulisic,112233,120,710492
Giruod,932012,30,112244
Barkley,012108,100,112233
